<?xml version="1.0"?>
<?xml-stylesheet type="text/xsl" href="VerPreguntas.xsl" ?>
<assessmentItems>
	<assessmentItem complexity="2" subject="Web">
		<itemBody>
			<p>Tag HTML para a&#xF1;adir un formulario</p>
		</itemBody>
		<correctResponse>
			<value>
				FORM
			</value>
		</correctResponse>
	</assessmentItem>
		<assessmentItem complexity="4" subject="Internet">
		<itemBody>
			<p>Este protocolo acabar&#xE1; funcionando
			incluso entre dos latas unidas por un cord&#xF3;n</p>
		</itemBody>
		<correctResponse>
			<value>
				TCP/IP
			</value>
		</correctResponse>
	</assessmentItem>
	<assessmentItem complexity="5" subject="Tematica">
		<itemBody>
		<p>asdad</p>
		</itemBody>
		<correctResponse>
		<value>asdasd</value>
		</correctResponse>
	</assessmentItem>
<assessmentItem complexity="2" subject="AJAX"><itemBody><p>Probando Ajax</p></itemBody><correctResponse><value>Si</value></correctResponse></assessmentItem><assessmentItem complexity="1" subject="MOYA"><itemBody><p>Hola Moya</p></itemBody><correctResponse><value>Si</value></correctResponse></assessmentItem><assessmentItem complexity="1" subject="Robin"><itemBody><p>Hola Robin</p></itemBody><correctResponse><value>Si</value></correctResponse></assessmentItem><assessmentItem complexity="2" subject="AJAX"><itemBody><p>Probando el AJAX</p></itemBody><correctResponse><value>Si funciona</value></correctResponse></assessmentItem><assessmentItem complexity="2" subject="AJAX"><itemBody><p>Probando el AJAX 2</p></itemBody><correctResponse><value>Si funciona</value></correctResponse></assessmentItem><assessmentItem complexity="2" subject="Pollito"><itemBody><p>Hola pollo</p></itemBody><correctResponse><value>Si</value></correctResponse></assessmentItem><assessmentItem complexity="2" subject="Num Preguntas"><itemBody><p>Probando en numero de preguntas</p></itemBody><correctResponse><value>Si</value></correctResponse></assessmentItem><assessmentItem complexity="4" subject="Num Preguntas"><itemBody><p>Probando en numero de preguntas otra vez</p></itemBody><correctResponse><value>Si</value></correctResponse></assessmentItem><assessmentItem complexity="2" subject="Preguntas"><itemBody><p>Probando otro usuario num preguntas</p></itemBody><correctResponse><value>Si</value></correctResponse></assessmentItem></assessmentItems>
